{
    "kate.desktop": {
        "meta": {
            "changeDate": 0,
            "owner": "root",
            "permission": [
                7,
                5,
                5
            ],
            "type": "file"
        },
        "content": "[Desktop Entry]\nName=Kate\nMimeType=text/plain;inode/directory;\nExec=kate %U\nIcon=/usr/share/icons/breeze-dark/apps/kate.svg\nCategories=utilities"
    },
    "dolphin.desktop": {
        "meta": {
            "changeDate": 0,
            "owner": "root",
            "permission": [
                7,
                5,
                5
            ],
            "type": "file"
        },
        "content": "[Desktop Entry]\nName=Dolphin\nMimeType=inode/directory\nExec=dolphin %U\nIcon=/usr/share/icons/breeze-dark/apps/system-file-manager.svg\nCategories=system"
    },
    "gwenview.desktop": {
        "meta": {
            "changeDate": 0,
            "owner": "root",
            "permission": [
                7,
                5,
                5
            ],
            "type": "file"
        },
        "content": "[Desktop Entry]\nName=Gwenview\nExec=gwenview %U\nIcon=/usr/share/icons/breeze-dark/apps/gwenview.svg\nCategories=graphics;utilities;multimedia\nMimeType=image/avif;image/gif;image/jpeg;image/png;image/bmp;image/x-eps;image/x-icns;image/x-ico;image/x-portable-bitmap;image/x-portable-graymap;image/x-portable-pixmap;image/x-xbitmap;image/x-xpixmap;image/tiff;image/x-psd;image/x-webp;image/webp;image/x-tga;application/x-krita;image/x-kde-raw;image/x-canon-cr2;image/x-canon-crw;image/x-kodak-dcr;image/x-adobe-dng;image/x-kodak-k25;image/x-kodak-kdc;image/x-minolta-mrw;image/x-nikon-nef;image/x-olympus-orf;image/x-pentax-pef;image/x-fuji-raf;image/x-panasonic-rw;image/x-sony-sr2;image/x-sony-srf;image/x-sigma-x3f;image/x-sony-arw;image/x-panasonic-rw2"
    },
    "konsole.desktop": {
        "meta": {
            "changeDate": 0,
            "owner": "root",
            "permission": [
                7,
                5,
                5
            ],
            "type": "file"
        },
        "content": "[Desktop Entry]\nName=Konsole\nExec=konsole %U\nIcon=/usr/share/icons/breeze-dark/apps/utilities-terminal.svg\nCategories=system;utilities\nMimeType=application/x-sh"
    },
    "minipaint.desktop": {
        "meta": {
            "changeDate": 0,
            "owner": "root",
            "permission": [
                7,
                5,
                5
            ],
            "type": "file"
        },
        "content": "[Desktop Entry]\nName=MiniPaint\nExec=minipaint\nIcon=/usr/share/icons/breeze-dark/apps/kolourpaint.svg\nCategories=graphics"
    },
    "chess.desktop": {
        "meta": {
            "changeDate": 0,
            "owner": "root",
            "permission": [
                7,
                5,
                5
            ],
            "type": "file"
        },
        "content": "[Desktop Entry]\nName=Chess\nExec=chessgame\nIcon=/usr/share/icons/breeze-dark/actions/milestone.svg\nCategories=games"
    },
    "settings.desktop": {
        "meta": {
            "changeDate": 0,
            "owner": "root",
            "permission": [
                7,
                5,
                5
            ],
            "type": "file"
        },
        "content": "[Desktop Entry]\nName=Settings\nExec=settings\nIcon=/usr/share/icons/breeze-dark/apps/systemsettings.svg\nCategories=system"
    },
    "piped.desktop": {
        "meta": {
            "changeDate": 0,
            "owner": "root",
            "permission": [
                7,
                5,
                5
            ],
            "type": "file"
        },
        "content": "[Desktop Entry]\nName=Piped (YouTube)\nExec=piped-tube\nIcon=/usr/share/icons/breeze-dark/actions/im-youtube.svg\nCategories=multimedia"
    },
    "vscode.desktop": {
        "meta": {
            "changeDate": 0,
            "owner": "root",
            "permission": [
                7,
                5,
                5
            ],
            "type": "file"
        },
        "content": "[Desktop Entry]\nName=VS Code\nExec=code\nIcon=/usr/share/icons/breeze-dark/apps/com.visualstudio.code.svg\nCategories=utilities"
    },
    "photopea.desktop": {
        "meta": {
            "changeDate": 0,
            "owner": "root",
            "permission": [
                7,
                5,
                5
            ],
            "type": "file"
        },
        "content": "[Desktop Entry]\nName=Photopea\nExec=photopea %U\nIcon=/usr/share/icons/breeze-dark/apps/photolayoutseditor.svg\nCategories=graphics;utilities;multimedia\nMimeType=image/avif;image/gif;image/jpeg;image/png;image/bmp;image/x-eps;image/x-icns;image/x-ico;image/x-portable-bitmap;image/x-portable-graymap;image/x-portable-pixmap;image/x-xbitmap;image/x-xpixmap;image/tiff;image/x-psd;image/x-webp;image/webp;image/x-tga;application/x-krita;image/x-kde-raw;image/x-canon-cr2;image/x-canon-crw;image/x-kodak-dcr;image/x-adobe-dng;image/x-kodak-k25;image/x-kodak-kdc;image/x-minolta-mrw;image/x-nikon-nef;image/x-olympus-orf;image/x-pentax-pef;image/x-fuji-raf;image/x-panasonic-rw;image/x-sony-sr2;image/x-sony-srf;image/x-sigma-x3f;image/x-sony-arw;image/x-panasonic-rw2"
    }
}