{
        "breeze-dark":{"meta":{"changeDate":0,"owner":"root","permission":[7,5,5],"type":"file"},"content":"[ColorEffects:Disabled]\nColor=56,56,56\nColorAmount=0\nColorEffect=0\nContrastAmount=0.65\nContrastEffect=1\nIntensityAmount=0.1\nIntensityEffect=2\n\n[ColorEffects:Inactive]\nChangeSelectionColor=true\nColor=112,111,110\nColorAmount=0.025\nColorEffect=2\nContrastAmount=0.1\nContrastEffect=2\nEnable=false\nIntensityAmount=0\nIntensityEffect=0\n\n[Colors:Button]\nBackgroundAlternate=30,87,116\nBackgroundNormal=49,54,59\nDecorationFocus=61,174,233\nDecorationHover=61,174,233\nForegroundActive=61,174,233\nForegroundInactive=161,169,177\nForegroundLink=29,153,243\nForegroundNegative=218,68,83\nForegroundNeutral=246,116,0\nForegroundNormal=252,252,252\nForegroundPositive=39,174,96\nForegroundVisited=155,89,182\n\n[Colors:Complementary]\nBackgroundAlternate=30,87,116\nBackgroundNormal=42,46,50\nDecorationFocus=61,174,233\nDecorationHover=61,174,233\nForegroundActive=61,174,233\nForegroundInactive=161,169,177\nForegroundLink=29,153,243\nForegroundNegative=218,68,83\nForegroundNeutral=246,116,0\nForegroundNormal=252,252,252\nForegroundPositive=39,174,96\nForegroundVisited=155,89,182\n\n[Colors:Header]\nBackgroundAlternate=42,46,50\nBackgroundNormal=49,54,59\nDecorationFocus=61,174,233\nDecorationHover=61,174,233\nForegroundActive=61,174,233\nForegroundInactive=161,169,177\nForegroundLink=29,153,243\nForegroundNegative=218,68,83\nForegroundNeutral=246,116,0\nForegroundNormal=252,252,252\nForegroundPositive=39,174,96\nForegroundVisited=155,89,182\n\n[Colors:Header][Inactive]\nBackgroundAlternate=49,54,59\nBackgroundNormal=42,46,50\nDecorationFocus=61,174,233\nDecorationHover=61,174,233\nForegroundActive=61,174,233\nForegroundInactive=161,169,177\nForegroundLink=29,153,243\nForegroundNegative=218,68,83\nForegroundNeutral=246,116,0\nForegroundNormal=252,252,252\nForegroundPositive=39,174,96\nForegroundVisited=155,89,182\n\n[Colors:Selection]\nBackgroundAlternate=30,87,116\nBackgroundNormal=61,174,233\nDecorationFocus=61,174,233\nDecorationHover=61,174,233\nForegroundActive=252,252,252\nForegroundInactive=161,169,177\nForegroundLink=253,188,75\nForegroundNegative=218,68,83\nForegroundNeutral=246,116,0\nForegroundNormal=252,252,252\nForegroundPositive=39,174,96\nForegroundVisited=155,89,182\n\n[Colors:Tooltip]\nBackgroundAlternate=42,46,50\nBackgroundNormal=49,54,59\nDecorationFocus=61,174,233\nDecorationHover=61,174,233\nForegroundActive=61,174,233\nForegroundInactive=161,169,177\nForegroundLink=29,153,243\nForegroundNegative=218,68,83\nForegroundNeutral=246,116,0\nForegroundNormal=252,252,252\nForegroundPositive=39,174,96\nForegroundVisited=155,89,182\n\n[Colors:View]\nBackgroundAlternate=35,38,41\nBackgroundNormal=27,30,32\nDecorationFocus=61,174,233\nDecorationHover=61,174,233\nForegroundActive=61,174,233\nForegroundInactive=161,169,177\nForegroundLink=29,153,243\nForegroundNegative=218,68,83\nForegroundNeutral=246,116,0\nForegroundNormal=252,252,252\nForegroundPositive=39,174,96\nForegroundVisited=155,89,182\n\n[Colors:Window]\nBackgroundAlternate=49,54,59\nBackgroundNormal=42,46,50\nDecorationFocus=61,174,233\nDecorationHover=61,174,233\nForegroundActive=61,174,233\nForegroundInactive=161,169,177\nForegroundLink=29,153,243\nForegroundNegative=218,68,83\nForegroundNeutral=246,116,0\nForegroundNormal=252,252,252\nForegroundPositive=39,174,96\nForegroundVisited=155,89,182\n\n[General]\nColorScheme=Breeze Dark\nName=Breeze Dark\nshadeSortColumn=true\n\n[KDE]\ncontrast=4\n\n[WM]\nactiveBackground=49,54,59\nactiveBlend=252,252,252\nactiveForeground=252,252,252\ninactiveBackground=42,46,50\ninactiveBlend=161,169,177\ninactiveForeground=161,169,177\n"},
        "breeze-light":{"meta":{"changeDate":0,"owner":"root","permission":[7,5,5],"type":"file"},"content":"[ColorEffects:Disabled]\nColor=56,56,56\nColorAmount=0\nColorEffect=0\nContrastAmount=0.65\nContrastEffect=1\nIntensityAmount=0.1\nIntensityEffect=2\n\n[ColorEffects:Inactive]\nChangeSelectionColor=true\nColor=112,111,110\nColorAmount=0.025\nColorEffect=2\nContrastAmount=0.1\nContrastEffect=2\nEnable=false\nIntensityAmount=0\nIntensityEffect=0\n\n[Colors:Button]\nBackgroundAlternate=163,212,250\nBackgroundNormal=247,247,247\nDecorationFocus=61,174,233\nDecorationHover=61,174,233\nForegroundActive=61,174,233\nForegroundInactive=112,125,138\nForegroundLink=41,128,185\nForegroundNegative=218,68,83\nForegroundNeutral=246,116,0\nForegroundNormal=35,38,41\nForegroundPositive=39,174,96\nForegroundVisited=155,89,182\n\n[Colors:Complementary]\nBackgroundAlternate=27,30,32\nBackgroundNormal=42,46,50\nDecorationFocus=61,174,233\nDecorationHover=61,174,233\nForegroundActive=61,174,233\nForegroundInactive=161,169,177\nForegroundLink=29,153,243\nForegroundNegative=218,68,83\nForegroundNeutral=246,116,0\nForegroundNormal=252,252,252\nForegroundPositive=39,174,96\nForegroundVisited=155,89,182\n\n[Colors:Header]\nBackgroundAlternate=239,240,241\nBackgroundNormal=222,224,226\nDecorationFocus=61,174,233\nDecorationHover=61,174,233\nForegroundActive=61,174,233\nForegroundInactive=112,125,138\nForegroundLink=41,128,185\nForegroundNegative=218,68,83\nForegroundNeutral=246,116,0\nForegroundNormal=35,38,41\nForegroundPositive=39,174,96\nForegroundVisited=155,89,182\n\n[Colors:Header][Inactive]\nBackgroundAlternate=227,229,231\nBackgroundNormal=239,240,241\nDecorationFocus=61,174,233\nDecorationHover=61,174,233\nForegroundActive=61,174,233\nForegroundInactive=112,125,138\nForegroundLink=41,128,185\nForegroundNegative=218,68,83\nForegroundNeutral=246,116,0\nForegroundNormal=35,38,41\nForegroundPositive=39,174,96\nForegroundVisited=155,89,182\n\n[Colors:Selection]\nBackgroundAlternate=163,212,250\nBackgroundNormal=61,174,233\nDecorationFocus=61,174,233\nDecorationHover=61,174,233\nForegroundActive=61,174,233\nForegroundInactive=112,125,138\nForegroundLink=41,128,185\nForegroundNegative=218,68,83\nForegroundNeutral=246,116,0\nForegroundNormal=255,255,255\nForegroundPositive=39,174,96\nForegroundVisited=155,89,182\n\n[Colors:Tooltip]\nBackgroundAlternate=239,240,241\nBackgroundNormal=247,247,247\nDecorationFocus=61,174,233\nDecorationHover=61,174,233\nForegroundActive=61,174,233\nForegroundInactive=112,125,138\nForegroundLink=41,128,185\nForegroundNegative=218,68,83\nForegroundNeutral=246,116,0\nForegroundNormal=35,38,41\nForegroundPositive=39,174,96\nForegroundVisited=155,89,182\n\n[Colors:View]\nBackgroundAlternate=247,247,247\nBackgroundNormal=255,255,255\nDecorationFocus=61,174,233\nDecorationHover=61,174,233\nForegroundActive=61,174,233\nForegroundInactive=112,125,138\nForegroundLink=41,128,185\nForegroundNegative=218,68,83\nForegroundNeutral=246,116,0\nForegroundNormal=35,38,41\nForegroundPositive=39,174,96\nForegroundVisited=155,89,182\n\n[Colors:Window]\nBackgroundAlternate=227,229,231\nBackgroundNormal=239,240,241\nDecorationFocus=61,174,233\nDecorationHover=61,174,233\nForegroundActive=61,174,233\nForegroundInactive=112,125,138\nForegroundLink=41,128,185\nForegroundNegative=218,68,83\nForegroundNeutral=246,116,0\nForegroundNormal=35,38,41\nForegroundPositive=39,174,96\nForegroundVisited=155,89,182\n\n[General]\nColorScheme=Breeze Light\nName=Breeze Light\nshadeSortColumn=true\n\n[KDE]\ncontrast=4\n\n[WM]\nactiveBackground=227,229,231\nactiveBlend=227,229,231\nactiveForeground=35,38,41\ninactiveBackground=239,240,241\ninactiveBlend=239,240,241\ninactiveForeground=112,125,138\n"}
}